name,Alt,Lot,Hight
boaz,32.10391194,35.2094526,698.5195052
Ours,32.10383385,35.20937813,698.6147
difference,7.81E-05,7.45E-05,-0.0951948
