name,Alt,Lot,Hight
boaz,32.10391194,35.2094526,698.5195052
Ours,32.10391702,35.20947221,698.44347
difference,-5.08326E-06,-1.96188E-05,0.076035213
