name,Alt,Lot,Hight
boaz,32.10382753,35.20955233,697.1132933
Ours,32.10382753,35.20955233,697.1132933
difference,0,0,0